User,Degree Centrality,Betweenness Centrality,Closeness Centrality,Eigenvector Centrality,Clustering Coefficient,PageRank
Plucault,0.050505050505050504,0.05218096884763549,0.15005123700775874,0.4413479146219787,0.02857142857142857,0.02041829714799008
MATE_AS_IN_SHIPMATE,0.04713804713804714,0.10163345163345162,0.15117341506230395,0.35446727141936824,0.01098901098901099,0.01933908186376972
hopey7tm,0.043771043771043766,0.05777308693975367,0.14423885473834505,0.01912904905587219,0.0,0.016813235324743683
KneeDeepThought,0.043771043771043766,0.1223344901375203,0.19199228832878765,0.17511980978530947,0.0,0.016134565154279402
Scaryclouds,0.043771043771043766,0.22498471021198282,0.1990131033731596,0.2674693772083724,0.01282051282051282,0.01572832411132717
slampig3,0.03367003367003367,0.037487487487487495,0.12166665219115777,0.0038473019813136315,0.0,0.01497281574408819
madcats323,0.026936026936026935,0.000637000637000637,0.026936026936026935,1.0894464163197298e-19,0.0,0.014139912836352502
AdorkableUtahn,0.026936026936026935,0.0022522522522522522,0.028731762065095395,9.985452825674692e-19,0.0,0.012974203756843545
NeCede_Malis,0.0202020202020202,0.0003412503412503412,0.020202020202020204,3.596820227948564e-24,0.0,0.011058710511105093
Invisible_Tadpole,0.026936026936026935,0.05755185527912811,0.1770942634522109,0.08068404997891876,0.0,0.010363877847040312
WileEPeyote,0.026936026936026935,0.06373169706503039,0.17447387977597595,0.08940307511563722,0.0,0.010192762210933017
jedi_trey,0.026936026936026935,0.05628984947166766,0.153635522799475,0.03568580769432975,0.0,0.010190368599757964
Cinner21,0.0303030303030303,0.14544043748589205,0.18569332873794817,0.10515037498438988,0.0,0.009909697381674505
Cheeky_Star,0.026936026936026935,0.03802366908427515,0.1591657103468127,0.03812986525697589,0.0,0.009675503581338011
Serious-Day5968,0.016835016835016835,0.00022750022750022748,0.016835016835016835,6.455557538443285e-27,0.0,0.009518109348481393
M0T0V3L0,0.016835016835016835,0.00022750022750022748,0.016835016835016835,6.455557538443285e-27,0.0,0.009518109348481393
Pleasant_Yoghurt3915,0.016835016835016835,0.00022750022750022748,0.016835016835016835,6.455557538443285e-27,0.0,0.009518109348481393
ibumblelikeabee,0.026936026936026935,0.17248178914845577,0.1779853037714673,0.3815854672828392,0.17857142857142858,0.009435854673318728
StealthJoke,0.026936026936026935,0.04127845377845377,0.1514971268718592,0.022078700194861405,0.03571428571428571,0.00933282006696178
Silvanus350,0.02356902356902357,0.015406532073198743,0.14572432183142792,0.25795561025478164,0.14285714285714285,0.008729660774296273
blahbabooey,0.016835016835016835,0.0012285012285012285,0.020522687189353853,2.876909661533933e-19,0.0,0.008615861074471995
Flimsy_Outside_9739,0.02356902356902357,0.033617294980931356,0.15085108368690459,0.06100313822690705,0.0,0.008461077248457422
mikewhocheeitch,0.0202020202020202,0.019627311293977975,0.15053012393437926,0.030874358338465458,0.0,0.007596714737012318
hallelujasuzanne,0.016835016835016835,0.02741464408131073,0.15898687247001853,0.06650863114467666,0.0,0.007032034587395694
SolomonGrumpy,0.013468013468013467,0.018404768404768405,0.0965199976114028,0.000373420734146889,0.0,0.006642628323191995
waffebunny,0.013468013468013467,0.02293202293202293,0.1073583584964465,0.019536590895600305,0.0,0.006467331970946014
europanative,0.0101010101010101,6.825006825006825e-05,0.010101010101010102,3.3929400733567888e-34,0.0,0.006436907023233983
SimplyRoya,0.0101010101010101,6.825006825006825e-05,0.010101010101010102,3.3929400733567888e-34,0.0,0.006436907023233983
Backpacker7385,0.013468013468013467,0.018404768404768405,0.1249985128077001,0.08292332328600849,0.0,0.0063391408643875425
hankappleseed,0.013468013468013467,0.03614978614978615,0.125888181938004,0.08333851500128099,0.0,0.0061175348187535485
BlindWillieJohnson,0.016835016835016835,0.01088085330509573,0.13501747757472948,0.016820242775077678,0.0,0.006086611660154331
pjt37,0.013468013468013467,0.02290927290927291,0.12690431972943184,0.008350995527414763,0.0,0.006059019284611292
lookingtobewhatibe,0.0101010101010101,0.00011375011375011374,0.010774410774410775,2.0147289068989234e-32,0.0,0.00599838473769535
md22mdrx,0.016835016835016835,0.06546517493487192,0.16627299235994886,0.03389444441409594,0.0,0.00571403849744672
Environmental-Rip933,0.016835016835016835,0.058162816496149884,0.1597046461606281,0.03329929125124952,0.1,0.005694305089197374
buddyboykoda,0.013468013468013467,0.013832013832013832,0.15617915728291,0.07988724717415836,0.16666666666666666,0.005426026080225396
Ewggggg,0.0101010101010101,0.0006597506597506598,0.017239057239057238,1.8251953072481026e-19,0.0,0.00542366205150493
Dr-McLuvin,0.013468013468013467,0.008949967283300607,0.12293511424701693,0.0054807705435218675,0.0,0.00512260828177297
the_original_Retro,0.013468013468013467,0.012249956568138392,0.15330261809135048,0.053320511063486196,0.0,0.005093970995691316
ResolutionSome2974,0.013468013468013467,0.007942412109078773,0.14739407968574633,0.024088035874222945,0.0,0.004898201306918202
ChalupaPickle,0.006734006734006734,2.275002275002275e-05,0.006734006734006734,1.632979186275767e-39,0.0,0.004896305860610281
BitterConstruction98,0.006734006734006734,2.275002275002275e-05,0.006734006734006734,1.632979186275767e-39,0.0,0.004896305860610281
M3_Driver,0.013468013468013467,0.006591819091819095,0.1346320803980176,0.016257259374852128,0.16666666666666666,0.004879947790832848
DGSmith2,0.013468013468013467,0.021305937972604657,0.1389963816289946,0.012091002110286271,0.16666666666666666,0.0048136563934091416
Stu_Mack,0.0101010101010101,0.009259259259259259,0.1262250816220486,0.011261760825381351,0.0,0.004774744722812594
TheDakestTimeline,0.013468013468013467,0.01993183659850327,0.1398204708481388,0.011669052863245965,0.0,0.004770497130749582
stenebralux,0.0101010101010101,0.009259259259259259,0.11920666933303832,0.030493805814573793,0.0,0.004762138639494791
ti0tr,0.013468013468013467,0.08287681128590217,0.1894221104395134,0.08664826237212736,0.0,0.004719137079310527
Good_Prompt8608,0.0101010101010101,0.013832013832013832,0.12455837719922228,0.013622758482214179,0.0,0.0045183962506616
man-vs-spider,0.0101010101010101,0.005795189128522461,0.11132833713478874,0.0017816969923409285,0.0,0.004392841060917111
CxOrillion,0.0101010101010101,0.01835926835926836,0.1252197491135544,0.004930972072783487,0.0,0.004377417238170102
murrai,0.0101010101010101,0.031668031668031664,0.13150401161553577,0.007438536576650128,0.0,0.004247376854795214
ElegantDreamgirl,0.0101010101010101,0.008689858689858694,0.13777830233526436,0.016806533011123684,0.0,0.00422599439128813
aglobalvillageidiot,0.0101010101010101,0.006415506415506415,0.14192408876461032,0.09479574263126894,0.0,0.004221701580860347
TonyTheEvil,0.0101010101010101,0.012233445566778897,0.12229759420770656,0.004086814774740296,0.0,0.004213456482211929
minecraftpro69x,0.0101010101010101,0.006468589801923132,0.1319946982260415,0.06154947140035627,0.0,0.004172896606870709
I-run-in-jeans,0.006734006734006734,6.825006825006825e-05,0.008978675645342311,1.5420067467544907e-32,0.0,0.004119598416028593
monjoe,0.0101010101010101,0.005936130936130936,0.11674778588970007,0.002850209558858121,0.0,0.004104200243153097
_Easy_Effect_,0.0101010101010101,0.004641004641004641,0.1436531131962604,0.17539162330281466,0.3333333333333333,0.004071310339823818
ozymandais13,0.0101010101010101,0.024664491331157994,0.16301649366165494,0.09852572753889578,0.0,0.003997580967407509
feedus-fetus_fajitas,0.0101010101010101,0.011521749021749031,0.16115981377940375,0.06214375301716977,0.0,0.003952360681767603
Save_The_Bike_Tag,0.0101010101010101,0.004641004641004641,0.14278336679951212,0.1363057329022577,0.3333333333333333,0.003943521254527563
ten-million,0.0101010101010101,0.017039767039767048,0.153635522799475,0.05053181845917045,0.0,0.003938945055256693
WillyShankspeare,0.0101010101010101,0.013786513786513787,0.1433620227946469,0.13684793673695594,0.3333333333333333,0.003915205147164978
Freedmonster,0.0101010101010101,0.007680407680407682,0.16024724405245355,0.09030915482184361,0.3333333333333333,0.003880907487552808
w3woody,0.0101010101010101,0.00782495896132261,0.14910254636282033,0.025590458016046667,0.0,0.0038351618130626815
GhettoDuk,0.0101010101010101,0.009945009945009934,0.13684556721307206,0.01234092047330414,0.0,0.00381728053997571
RetreadRoadRocket,0.0101010101010101,0.04165187915187915,0.16588313774714714,0.041637605481755526,0.0,0.003725531134629459
DildoUnicorn,0.006734006734006734,0.004641004641004641,0.09327509327509327,0.0003802225717017622,0.0,0.0036940415215580454
cawkstrangla,0.0101010101010101,0.008605752545146481,0.13386784909963717,0.014900701834994819,0.0,0.003686596464255245
AddictedToMosh161,0.006734006734006734,0.004641004641004641,0.0848311249989907,7.960648458843157e-05,0.0,0.003668170268398184
genobeam,0.0101010101010101,0.018690660357327016,0.14973366825218676,0.024723887094745742,0.3333333333333333,0.0036531772828418763
Impiryo,0.006734006734006734,0.004641004641004641,0.09236182539054602,0.0002245041645901315,0.0,0.003650204604904494
TheDungeonCrawler,0.006734006734006734,0.004641004641004641,0.09309099769626085,0.004163779153002409,0.0,0.00360947396894751
Bartikowski,0.006734006734006734,0.004641004641004641,0.09309099769626085,0.004163779153002409,0.0,0.00360947396894751
awal96,0.006734006734006734,0.004641004641004641,0.106070702022726,0.017673279611020908,0.0,0.0035667433572067015
LeagueLeft1960,0.006734006734006734,0.004641004641004641,0.10575359977452653,0.0029039410288972728,0.0,0.003461820356149184
InfiniteBlink,0.006734006734006734,0.0008872508872508873,0.022101355434688767,4.057972209710983e-19,0.0,0.003421635292900153
DisChangesEverthing,0.006734006734006734,0.009236509236509236,0.10760328250822547,0.001783594261190636,0.0,0.003360871826376222
StimSimPim,0.003367003367003367,0.0,0.003367003367003367,1.318734510606577e-47,0.0,0.003355704697986577
rankhornjp,0.003367003367003367,0.0,0.003367003367003367,1.318734510606577e-47,0.0,0.003355704697986577
seanofkelley,0.003367003367003367,0.0,0.003367003367003367,1.318734510606577e-47,0.0,0.003355704697986577
Unlucky-Papaya9787,0.003367003367003367,0.0,0.003367003367003367,1.318734510606577e-47,0.0,0.003355704697986577
LegitimateBeing2,0.003367003367003367,0.0,0.003367003367003367,1.318734510606577e-47,0.0,0.003355704697986577
MalrykZenden,0.003367003367003367,0.0,0.003367003367003367,1.318734510606577e-47,0.0,0.003355704697986577
mercfan3,0.003367003367003367,0.0,0.003367003367003367,1.318734510606577e-47,0.0,0.003355704697986577
prymus77,0.003367003367003367,0.0,0.003367003367003367,1.318734510606577e-47,0.0,0.003355704697986577
D0G3D0G,0.003367003367003367,0.0,0.003367003367003367,1.318734510606577e-47,0.0,0.003355704697986577
nboro94,0.003367003367003367,0.0,0.003367003367003367,1.318734510606577e-47,0.0,0.003355704697986577
thepryz,0.003367003367003367,0.0,0.003367003367003367,1.318734510606577e-47,0.0,0.003355704697986577
AssPlay69420,0.003367003367003367,0.0,0.003367003367003367,1.318734510606577e-47,0.0,0.003355704697986577
Balthanon,0.003367003367003367,0.0,0.003367003367003367,1.318734510606577e-47,0.0,0.003355704697986577
APladyleaningS,0.003367003367003367,0.0,0.003367003367003367,1.318734510606577e-47,0.0,0.003355704697986577
coolbr33z,0.003367003367003367,0.0,0.003367003367003367,1.318734510606577e-47,0.0,0.003355704697986577
50yoWhiteGuy,0.003367003367003367,0.0,0.003367003367003367,1.318734510606577e-47,0.0,0.003355704697986577
UrbanPewer,0.003367003367003367,0.0,0.003367003367003367,1.318734510606577e-47,0.0,0.003355704697986577
mrhymer,0.003367003367003367,0.0,0.003367003367003367,1.318734510606577e-47,0.0,0.003355704697986577
santaclaws_,0.003367003367003367,0.0,0.003367003367003367,1.318734510606577e-47,0.0,0.003355704697986577
SteveFoerster,0.003367003367003367,0.0,0.003367003367003367,1.318734510606577e-47,0.0,0.003355704697986577
MkIsCool,0.003367003367003367,0.0,0.003367003367003367,1.318734510606577e-47,0.0,0.003355704697986577
darkhawkabove,0.003367003367003367,0.0,0.003367003367003367,1.318734510606577e-47,0.0,0.003355704697986577
bugabooandtwo,0.006734006734006734,0.0012512512512512512,0.024627224627224626,4.419326437066798e-19,0.0,0.0033496425752125914
kalixanthippe,0.006734006734006734,0.004641004641004641,0.12957721291054625,0.014175972026459937,0.0,0.0033294217866417135
elh0mbre,0.006734006734006734,0.009236509236509236,0.10638971165286953,0.001053141292239462,0.0,0.003294950548596876
Jubba911,0.006734006734006734,0.004641004641004641,0.12770606182158528,0.017027477654937295,0.0,0.003263004169481768
Bosa_McKittle,0.006734006734006734,0.004641004641004641,0.1260002818328731,0.007607109422365314,0.0,0.0031530101779333047
Hyndis,0.006734006734006734,0.02275002275002275,0.11141599724276889,0.0015958009011668654,0.0,0.003118669319399723
_nathan67,0.006734006734006734,0.004641004641004641,0.15069043290555537,0.03732775742740168,0.0,0.0031096333849805896
Digitlnoize,0.006734006734006734,0.000587329753996421,0.09619192148084058,0.0003724380975061594,0.0,0.003070691522628662
blackfox24,0.006734006734006734,0.004641004641004641,0.1549817267232382,0.057009304773367776,0.0,0.003067835845090821
Jubjub0527,0.006734006734006734,0.004641004641004641,0.1549817267232382,0.057009304773367776,0.0,0.003067835845090821
jBlairTech,0.006734006734006734,0.002410744077410743,0.10290786654423016,0.0009123717494916164,0.0,0.0030380679334281162
fuzzyjelly,0.006734006734006734,0.0027910486243819567,0.10442680184377601,0.0009108665613219821,0.0,0.0030018486652370856
SisterSabathiel,0.006734006734006734,0.006707085873752536,0.12001553562198175,0.004093926919510217,0.0,0.0028941783481290888
Switch64,0.006734006734006734,0.005069842569842568,0.1204240991475034,0.004271500014813881,0.0,0.0028476305460421636
chefmorg,0.006734006734006734,0.03091993508660176,0.13671334927373574,0.009290954817590494,0.0,0.0028321108837027036
Combdepot,0.006734006734006734,0.009980055813389146,0.11860713872448994,0.0032558369544563254,0.0,0.002799438808202826
TheNorseHorseForce,0.006734006734006734,0.0155265113598447,0.14307210970507228,0.0173151867842546,0.0,0.0027980764622526954
gpost86,0.006734006734006734,0.005622072288738956,0.1433620227946469,0.030831833748339817,0.0,0.002768600615956597
standardtissue,0.006734006734006734,0.00018958352291685625,0.1047359855650011,0.0017017810827484746,0.0,0.0027546921728881413
Mairon12,0.006734006734006734,0.0004163254163254158,0.12577628133183688,0.014022151882694366,0.0,0.00272922020571921
Impressive-Gift-9852,0.006734006734006734,0.0006333813151994975,0.12412133026168114,0.015325409222700105,0.0,0.0026909470122869305
Brell4Evar,0.006734006734006734,0.0006385173051839721,0.13348897782860047,0.008827770666786501,0.0,0.002643729552181927
Emm_withoutha_L-88,0.006734006734006734,0.0006385173051839721,0.13348897782860047,0.008827770666786501,0.0,0.002643729552181927
Bruce9058,0.006734006734006734,0.012164978831645494,0.13236512301058606,0.0063774730062817345,0.0,0.002625836902020967
1word2word,0.006734006734006734,0.003253253253253252,0.15264111812116127,0.04823139210268671,0.0,0.0025859484336897562
AmigoDelDiabla,0.003367003367003367,0.0,0.0044893378226711555,1.1546906561520853e-39,0.0,0.002585404116674726
brokenmessiah,0.003367003367003367,0.0,0.0044893378226711555,1.1546906561520853e-39,0.0,0.002585404116674726
Novel-Position-4694,0.003367003367003367,0.0,0.0044893378226711555,1.1546906561520853e-39,0.0,0.002585404116674726
mcdontknow,0.003367003367003367,0.0,0.0044893378226711555,1.1546906561520853e-39,0.0,0.002585404116674726
jj77985,0.006734006734006734,0.0011708678375345046,0.1306540318544012,0.010816855744817463,0.0,0.0025712348729318092
OurLordAndSaviorVim,0.006734006734006734,0.0,0.13386784909963717,0.009560180463279751,1.0,0.0025300586382600463
RealLameUserName,0.006734006734006734,0.0025859192525859187,0.1302931091144719,0.007946040112954043,0.0,0.002529655241892783
blindfoldedbadgers,0.006734006734006734,0.010323635323635338,0.14468130521300254,0.012298608482847919,0.0,0.002523022060005788
NorysStorys,0.006734006734006734,0.004653137986471314,0.13968244471699554,0.010359400090874856,0.0,0.0025093563985489698
wisenedPanda,0.006734006734006734,0.003244670290124835,0.14770179175189613,0.024914768039237315,0.0,0.0024738815166306253
_seamonkey,0.003367003367003367,0.0,0.006060606060606061,1.9589148646968104e-34,0.0,0.0023286372562374407
Bwansive236,0.003367003367003367,0.0,0.006060606060606061,1.9589148646968104e-34,0.0,0.0023286372562374407
branflake777,0.003367003367003367,0.0,0.006060606060606061,1.9589148646968104e-34,0.0,0.0023286372562374407
Alert-Disaster-4906,0.003367003367003367,0.0,0.006060606060606061,1.9589148646968104e-34,0.0,0.0023286372562374407
Jonah_Satt,0.003367003367003367,0.0,0.006060606060606061,1.9589148646968104e-34,0.0,0.0023286372562374407
_54Phoenix_,0.003367003367003367,0.0,0.006060606060606061,1.9589148646968104e-34,0.0,0.0023286372562374407
PMac10000,0.003367003367003367,0.0,0.005985783763561541,8.34528037742655e-33,0.0,0.0022536258209015078
_ECMO_,0.003367003367003367,0.0,0.006734006734006734,1.0903634272655079e-32,0.0,0.0022034572576537163
Gorf_the_Magnificent,0.003367003367003367,0.0,0.006734006734006734,1.0903634272655079e-32,0.0,0.0022034572576537163
1976warrior,0.003367003367003367,0.0,0.00935278713056491,2.8870130977240796e-27,0.0,0.0021232237678876138
Nucked-In-The-Head-9,0.003367003367003367,0.0,0.00935278713056491,2.8870130977240796e-27,0.0,0.0021232237678876138
do-not-freeze,0.003367003367003367,0.0,0.00935278713056491,2.8870130977240796e-27,0.0,0.0021232237678876138
heslaurent,0.003367003367003367,0.0,0.00935278713056491,2.8870130977240796e-27,0.0,0.0021232237678876138
FascinatingGarden,0.003367003367003367,0.0,0.00935278713056491,2.8870130977240796e-27,0.0,0.0021232237678876138
widdrjb,0.003367003367003367,0.0,0.00935278713056491,2.8870130977240796e-27,0.0,0.0021232237678876138
epicenter69,0.003367003367003367,0.0,0.00935278713056491,2.8870130977240796e-27,0.0,0.0021232237678876138
Desertbro,0.003367003367003367,0.0,0.00935278713056491,2.8870130977240796e-27,0.0,0.0021232237678876138
Tone_Z,0.003367003367003367,0.0,0.00935278713056491,2.8870130977240796e-27,0.0,0.0021232237678876138
Kellbows,0.003367003367003367,0.0,0.00935278713056491,2.8870130977240796e-27,0.0,0.0021232237678876138
ComputerSavvy,0.003367003367003367,0.0,0.00935278713056491,2.8870130977240796e-27,0.0,0.0021232237678876138
Kaycee_Sue,0.003367003367003367,0.0,0.00935278713056491,2.8870130977240796e-27,0.0,0.0021232237678876138
HisFaithRestored,0.003367003367003367,0.0,0.00935278713056491,2.8870130977240796e-27,0.0,0.0021232237678876138
stonhinge,0.003367003367003367,0.0,0.00935278713056491,2.8870130977240796e-27,0.0,0.0021232237678876138
scottie0010,0.003367003367003367,0.0,0.00935278713056491,2.8870130977240796e-27,0.0,0.0021232237678876138
Decker-the-Dude,0.003367003367003367,0.0,0.08221866153301365,7.767381222220642e-05,0.0,0.002073342620486889
40degreescelsius,0.003367003367003367,0.0,0.011019283746556474,1.4683957091658435e-24,0.0,0.002071870395800157
paintingpainting,0.003367003367003367,0.0,0.011019283746556474,1.4683957091658435e-24,0.0,0.002071870395800157
PennilessPirate,0.003367003367003367,0.0,0.011019283746556474,1.4683957091658435e-24,0.0,0.002071870395800157
garden_dragonfly,0.003367003367003367,0.0,0.011019283746556474,1.4683957091658435e-24,0.0,0.002071870395800157
AllegraGellarBioPort,0.003367003367003367,0.0,0.011019283746556474,1.4683957091658435e-24,0.0,0.002071870395800157
ILikeLenexa,0.003367003367003367,0.0,0.011019283746556474,1.4683957091658435e-24,0.0,0.002071870395800157
Beatnik77,0.003367003367003367,0.0,0.07558670753115197,1.6262727428615358e-05,0.0,0.002062082073078232
WlmWilberforce,0.003367003367003367,0.0,0.08150824683082747,4.586242855410034e-05,0.0,0.00205468931641
bananapanqueques,0.003367003367003367,0.0,0.013260813260813261,6.271113786591962e-20,0.0,0.0020415899876855092
MyStationIsAbandoned,0.003367003367003367,0.0,0.013260813260813261,6.271113786591962e-20,0.0,0.0020415899876855092
Stainless_Heart,0.003367003367003367,0.0,0.08207558961619286,0.0008503959454483944,0.0,0.0020373574936250836
tjoloi,0.003367003367003367,0.0,0.08207558961619286,0.0008503959454483944,0.0,0.0020373574936250836
unholyarmy,0.003367003367003367,0.0,0.09200150617575846,0.0036095427805689683,0.0,0.0020192426824985755
_muck_,0.003367003367003367,0.0,0.014365881032547698,3.8517747435953183e-20,0.0,0.002007678680690836
Dingo_Princess,0.003367003367003367,0.0,0.014365881032547698,3.8517747435953183e-20,0.0,0.002007678680690836
jammyjamjammy,0.003367003367003367,0.0,0.014365881032547698,3.8517747435953183e-20,0.0,0.002007678680690836
allthecircusponies,0.003367003367003367,0.0,0.014365881032547698,3.8517747435953183e-20,0.0,0.002007678680690836
VampireOnHoyt,0.003367003367003367,0.0,0.014365881032547698,3.8517747435953183e-20,0.0,0.002007678680690836
poopismus,0.003367003367003367,0.0,0.014365881032547698,3.8517747435953183e-20,0.0,0.002007678680690836
omgforeal,0.003367003367003367,0.0,0.014365881032547698,3.8517747435953183e-20,0.0,0.002007678680690836
WonderfulVegetables,0.003367003367003367,0.0,0.014365881032547698,3.8517747435953183e-20,0.0,0.002007678680690836
cloistered_around,0.003367003367003367,0.0,0.0917628511662234,0.0005932057778304557,0.0,0.001974795325311282
cochifla,0.003367003367003367,0.0,0.015121980034260735,9.884656060150114e-20,0.0,0.0019695972699979476
w0ke_brrr_4444,0.003367003367003367,0.0,0.015121980034260735,9.884656060150114e-20,0.0,0.0019695972699979476
xElMerYx,0.003367003367003367,0.0,0.015121980034260735,9.884656060150114e-20,0.0,0.0019695972699979476
pitypizza,0.003367003367003367,0.0,0.015121980034260735,9.884656060150114e-20,0.0,0.0019695972699979476
biohazardmind,0.003367003367003367,0.0,0.10918079976721952,0.0028954921285320426,0.0,0.0019183460731617913
SharkSpider,0.003367003367003367,0.0,0.08472953083731526,7.628411775464454e-05,0.0,0.0019151435271109445
pricethatwaspromised,0.003367003367003367,0.0,0.08472953083731526,7.628411775464454e-05,0.0,0.0019151435271109445
brodievonorchard,0.003367003367003367,0.0,0.1078493265993266,0.0034779063128746374,0.0,0.0018901269377871732
Visible_Description9,0.003367003367003367,0.0,0.019154508043396933,3.4308608310517867e-19,0.0,0.0018834010099126307
nyquistj,0.003367003367003367,0.0,0.019154508043396933,3.4308608310517867e-19,0.0,0.0018834010099126307
aaronupright,0.003367003367003367,0.0,0.019154508043396933,3.4308608310517867e-19,0.0,0.0018834010099126307
2571DIY,0.003367003367003367,0.0,0.019154508043396933,3.4308608310517867e-19,0.0,0.0018834010099126307
grocerygirlie,0.003367003367003367,0.0,0.019154508043396933,3.4308608310517867e-19,0.0,0.0018834010099126307
conamo,0.003367003367003367,0.0,0.019154508043396933,3.4308608310517867e-19,0.0,0.0018834010099126307
Real_Character3049,0.003367003367003367,0.0,0.09296867049823686,0.003990097710683812,0.0,0.0018776905681664733
JeromesNiece,0.003367003367003367,0.0,0.10679118226288037,0.002300426356483742,0.0,0.0018563523262649228
EnanoMaldito,0.003367003367003367,0.0,0.10679118226288037,0.002300426356483742,0.0,0.0018563523262649228
thirdegree,0.003367003367003367,0.0,0.10172416714472789,0.0062280366703342796,0.0,0.001852622142302155
H_Mc,0.003367003367003367,0.0,0.10172416714472789,0.0062280366703342796,0.0,0.001852622142302155
infernux,0.003367003367003367,0.0,0.10591191354664409,0.016936078252362003,0.0,0.0018504070553127948
FAx32,0.003367003367003367,0.0,0.10591191354664409,0.016936078252362003,0.0,0.0018504070553127948
Beeeeater,0.003367003367003367,0.0,0.1066302309708489,0.001553955735358535,0.0,0.001843340976745122
ZaviersJustice,0.003367003367003367,0.0,0.12379555249196543,0.007624709293028072,0.0,0.0018248409052789643
--i--love--lamp--,0.003367003367003367,0.0,0.12667709623842122,0.011644265963914492,0.0,0.001807201720116863
whyohwhythis,0.003367003367003367,0.0,0.12667709623842122,0.011644265963914492,0.0,0.001807201720116863
su_blood,0.003367003367003367,0.0,0.10654993712222628,0.017020874944902172,0.0,0.0018033148837660958
dellett,0.003367003367003367,0.0,0.10654993712222628,0.017020874944902172,0.0,0.0018033148837660958
btmoose,0.003367003367003367,0.0,0.10727696474474335,0.0017059204489684296,0.0,0.0017908849105873195
nyutnyut,0.003367003367003367,0.0,0.10727696474474335,0.0017059204489684296,0.0,0.0017908849105873195
-Nicolai,0.003367003367003367,0.0,0.1055957585808332,0.0027827613945251815,0.0,0.0017834145257939037
paralleliverse,0.003367003367003367,0.0,0.10351010716775164,0.0007859122287391249,0.0,0.0017764172825702705
Brilliant_Cup_4630,0.003367003367003367,0.0,0.10351010716775164,0.0007859122287391249,0.0,0.0017764172825702705
1up_for_life,0.003367003367003367,0.0,0.10351010716775164,0.0007859122287391249,0.0,0.0017764172825702705
tingulz,0.003367003367003367,0.0,0.10351010716775164,0.0007859122287391249,0.0,0.0017764172825702705
Devium44,0.003367003367003367,0.0,0.10351010716775164,0.0007859122287391249,0.0,0.0017764172825702705
because4242,0.003367003367003367,0.0,0.10351010716775164,0.0007859122287391249,0.0,0.0017764172825702705
cocobisoil,0.003367003367003367,0.0,0.10351010716775164,0.0007859122287391249,0.0,0.0017764172825702705
Munch1993,0.003367003367003367,0.0,0.10351010716775164,0.0007859122287391249,0.0,0.0017764172825702705
freepressor,0.003367003367003367,0.0,0.09593106203275695,0.000363951734249346,0.0,0.0017481708743517386
Cannolioso,0.003367003367003367,0.0,0.106070702022726,0.0010072788636853619,0.0,0.001743616936884863
Evakron,0.003367003367003367,0.0,0.11054555976430976,0.0015195167834122212,0.0,0.001706881496986765
PM_ME_YOUR_YURT,0.003367003367003367,0.0,0.11494582981179244,0.003432825701436079,0.0,0.0017007115021020994
coded_artist,0.003367003367003367,0.0,0.11781708284622522,0.019361122009619498,0.0,0.001699496676306785
agent_wolfe,0.003367003367003367,0.0,0.12934032586683408,0.013584554648427075,0.0,0.0016988140973024884
wehrmann_tx,0.003367003367003367,0.0,0.12934032586683408,0.013584554648427075,0.0,0.0016988140973024884
TheQuadropheniac,0.003367003367003367,0.0,0.11089209756921356,0.012570859170767218,0.0,0.001685661916325337
SpiritualScumlord,0.003367003367003367,0.0,0.12412133026168114,0.07239582134933151,0.0,0.0016775244103184068
NihilisticNuns,0.003367003367003367,0.0,0.12412133026168114,0.07239582134933151,0.0,0.0016775244103184068
provocative_bear,0.003367003367003367,0.0,0.12412133026168114,0.07239582134933151,0.0,0.0016775244103184068
Important-Chard-2688,0.003367003367003367,0.0,0.12412133026168114,0.07239582134933151,0.0,0.0016775244103184068
XNakedNectar,0.003367003367003367,0.0,0.12412133026168114,0.07239582134933151,0.0,0.0016775244103184068
JealousFuel8195,0.003367003367003367,0.0,0.12412133026168114,0.07239582134933151,0.0,0.0016775244103184068
hangender,0.003367003367003367,0.0,0.12412133026168114,0.07239582134933151,0.0,0.0016775244103184068
Dr_Esquire,0.003367003367003367,0.0,0.12412133026168114,0.07239582134933151,0.0,0.0016775244103184068
MisterIceGuy,0.003367003367003367,0.0,0.12412133026168114,0.07239582134933151,0.0,0.0016775244103184068
freddie_the_mercury,0.003367003367003367,0.0,0.09992818961745516,0.0005822237549222191,0.0,0.0016661686997865369
Aramedlig,0.003367003367003367,0.0,0.12336383304125238,0.09014015266002785,0.0,0.0016603981073577288
Heroic_Folly,0.003367003367003367,0.0,0.12336383304125238,0.09014015266002785,0.0,0.0016603981073577288
CryptoSlovakian,0.003367003367003367,0.0,0.12336383304125238,0.09014015266002785,0.0,0.0016603981073577288
Red_Dragon_Rising,0.003367003367003367,0.0,0.12336383304125238,0.09014015266002785,0.0,0.0016603981073577288
RedditRobby23,0.003367003367003367,0.0,0.12336383304125238,0.09014015266002785,0.0,0.0016603981073577288
FreshShart-1,0.003367003367003367,0.0,0.12336383304125238,0.09014015266002785,0.0,0.0016603981073577288
AntDogFan,0.003367003367003367,0.0,0.12336383304125238,0.09014015266002785,0.0,0.0016603981073577288
u6crash,0.003367003367003367,0.0,0.12336383304125238,0.09014015266002785,0.0,0.0016603981073577288
miraculum_one,0.003367003367003367,0.0,0.12336383304125238,0.09014015266002785,0.0,0.0016603981073577288
-asgravitydies-,0.003367003367003367,0.0,0.12336383304125238,0.09014015266002785,0.0,0.0016603981073577288
funny_flamethrower,0.003367003367003367,0.0,0.12336383304125238,0.09014015266002785,0.0,0.0016603981073577288
kyngston,0.003367003367003367,0.0,0.11900615348891211,0.03582181797916284,0.0,0.0016568937131439074
ralphy1010,0.003367003367003367,0.0,0.12747596080929413,0.01631710308957457,0.0,0.0016563909421622991
trampled_empire,0.003367003367003367,0.0,0.1319946982260415,0.020123276019356796,0.0,0.0016360512439669338
Gutternips,0.003367003367003367,0.0,0.13077478419437755,0.012693037586133304,0.0,0.0016231732042005116
chimpyjnuts,0.003367003367003367,0.0,0.11840863305298452,0.02783905007534811,0.0,0.001620690850489819
Sensitive-Tone5279,0.003367003367003367,0.0,0.14107509122464257,0.01648040027402814,0.0,0.0016044347405037667
Guinnessron,0.003367003367003367,0.0,0.14107509122464257,0.01648040027402814,0.0,0.0016044347405037667
theCJoe,0.003367003367003367,0.0,0.14107509122464257,0.01648040027402814,0.0,0.0016044347405037667
bunnycupcakes,0.003367003367003367,0.0,0.14107509122464257,0.01648040027402814,0.0,0.0016044347405037667
fortyonejb,0.003367003367003367,0.0,0.11940786202389578,0.0039075482805645345,0.0,0.0016028153763884118
AdhesivenessCivil581,0.003367003367003367,0.0,0.11940786202389578,0.0039075482805645345,0.0,0.0016028153763884118
closepass,0.003367003367003367,0.0,0.11940786202389578,0.0039075482805645345,0.0,0.0016028153763884118
Edward_TH,0.003367003367003367,0.0,0.11940786202389578,0.0039075482805645345,0.0,0.0016028153763884118
Strigoi84,0.003367003367003367,0.0,0.11940786202389578,0.0039075482805645345,0.0,0.0016028153763884118
upsidedownshaggy,0.003367003367003367,0.0,0.11940786202389578,0.0039075482805645345,0.0,0.0016028153763884118
Spanks79,0.003367003367003367,0.0,0.11940786202389578,0.0039075482805645345,0.0,0.0016028153763884118
HatterTheSad,0.003367003367003367,0.0,0.10442680184377601,0.0011195573278262553,0.0,0.001591879177799591
itsnorm,0.003367003367003367,0.0,0.12272187033678793,0.005227389621128867,0.0,0.0015900472038951712
PersonofControversy,0.003367003367003367,0.0,0.1394072083727256,0.018260974577572597,0.0,0.0015862944043292463
TheManlyManperor,0.003367003367003367,0.0,0.1394072083727256,0.018260974577572597,0.0,0.0015862944043292463
eu_sou_ninguem,0.003367003367003367,0.0,0.1394072083727256,0.018260974577572597,0.0,0.0015862944043292463
Koshindan,0.003367003367003367,0.0,0.1394072083727256,0.018260974577572597,0.0,0.0015862944043292463
gLu3xb3rchi,0.003367003367003367,0.0,0.12577628133183688,0.007289667381964751,0.0,0.0015861267763062222
SaturatedApe,0.003367003367003367,0.0,0.12577628133183688,0.007289667381964751,0.0,0.0015861267763062222
sampsonn,0.003367003367003367,0.0,0.12577628133183688,0.007289667381964751,0.0,0.0015861267763062222
Helorugger,0.003367003367003367,0.0,0.12555307586363487,0.010891592694195006,0.0,0.0015856998756201095
wretched_cretin,0.003367003367003367,0.0,0.1236873395964305,0.006306784706011349,0.0,0.0015796140823960143
MrEHam,0.003367003367003367,0.0,0.1236873395964305,0.006306784706011349,0.0,0.0015796140823960143
BakaDasai,0.003367003367003367,0.0,0.1236873395964305,0.006306784706011349,0.0,0.0015796140823960143
oadephon,0.003367003367003367,0.0,0.1204240991475034,0.052684630612318595,0.0,0.001563386619149263
PM_ME_A_PM_PLEASE_PM,0.003367003367003367,0.0,0.1204240991475034,0.052684630612318595,0.0,0.001563386619149263
Roadside_Prophet,0.003367003367003367,0.0,0.15037015568365195,0.03577029027370122,0.0,0.0015584071830068893
underworldconnection,0.003367003367003367,0.0,0.15037015568365195,0.03577029027370122,0.0,0.0015584071830068893
Miraclefish,0.003367003367003367,0.0,0.15037015568365195,0.03577029027370122,0.0,0.0015584071830068893
2000TWLV,0.003367003367003367,0.0,0.15037015568365195,0.03577029027370122,0.0,0.0015584071830068893
MC_Queen,0.003367003367003367,0.0,0.15037015568365195,0.03577029027370122,0.0,0.0015584071830068893
p0tat0p0tat0,0.003367003367003367,0.0,0.15037015568365195,0.03577029027370122,0.0,0.0015584071830068893
Maleficent_Owl9248,0.003367003367003367,0.0,0.11274766254845935,0.003320979738224606,0.0,0.0015402899154666073
jimicus,0.003367003367003367,0.0,0.11301782467916652,0.0034359690741479305,0.0,0.0015380344513569882
Kevin-W,0.003367003367003367,0.0,0.15464296885061912,0.05463092972264954,0.0,0.001531731278479697
ohgeorgie,0.003367003367003367,0.0,0.15464296885061912,0.05463092972264954,0.0,0.001531731278479697
Bridalhat,0.003367003367003367,0.0,0.15464296885061912,0.05463092972264954,0.0,0.001531731278479697
militaryCoo,0.003367003367003367,0.0,0.1294586610231624,0.0077885374440418076,0.0,0.0015314012694699931
I_Push_Buttonz,0.003367003367003367,0.0,0.1294586610231624,0.0077885374440418076,0.0,0.0015314012694699931
cbslinger,0.003367003367003367,0.0,0.1294586610231624,0.0077885374440418076,0.0,0.0015314012694699931
__Hoof__Hearted__,0.003367003367003367,0.0,0.12390395490220359,0.012461101828985494,0.0,0.001530896955380854
valentc,0.003367003367003367,0.0,0.14878897633892374,0.017698592500325905,0.0,0.001506223275562075
POCKET_POOL_CHAMP,0.003367003367003367,0.0,0.12433946968217618,0.004510071038806112,0.0,0.0014949764952337814
